cnpj;ticker;denominacao;gestor;segmento_b3;classificacao_scout;observacoes
48643091000100;;B- INDEX MORNINGSTAR BRASIL MOMENTO FUNDO DE ÍNDICE - RESPONSABILIDADE LIMITADA;BANCO BRADESCO S.A.;ETF;Ações Brasil;
48643130000179;;B-INDEX MORNINGSTAR BRASIL PESOS IGUAIS FUNDO DE INDICE - RESPONSABILIDADE LIMITADA;BANCO BRADESCO S.A.;ETF;Ações Brasil;
48643170000110;;B-INDEX MORNINGSTAR SETORES CICLICOS BRASIL FUNDO DE INDICE - RESPONSABILIDADE LIMITADA;BANCO BRADESCO S.A.;ETF;Ações Brasil;
48643220000160;;B-INDEX MORNINGSTAR SETORES DEFENSIVOS BRASIL FUNDO DE INDICE - RESPONSABILIDADE LIMITADA;BANCO BRADESCO S.A.;ETF;Ações Brasil;
34606480000150;;BB ETF IBOVESPA FUNDO DE ÍNDICE RESPONSABILIDADE LIMITADA;BB GESTAO DE RECURSOS DTVM S.A;ETF;Ações Brasil;
17817528000150;;BB ETF S&P DIVIDENDOS BRASIL FUNDO DE ÍNDICE RESPONSABILIDADE LIMITADA;BB GESTAO DE RECURSOS DTVM S.A;ETF;Ações Brasil;sinais no nome: Ações Internacionais + Ações Brasil
57848980000102;;BB ETF ÍNDICE BOVESPA B3 BR+ FUNDO DE ÍNDICE RESPONSABILIDADE LIMITADA;BB GESTAO DE RECURSOS DTVM S.A;ETF;Ações Brasil;
52203750000164;;BB ETF ÍNDICE DIVERSIDADE B3 INVESTIMENTO SUSTENTÁVEL FUNDO DE ÍNDICE RESPONSABILIDADE LIMITADA;BB GESTAO DE RECURSOS DTVM S.A;ETF;Ações Brasil;
42427783000134;;BTG PACTUAL B3 IBOVESPA FUNDO DE ÍNDICE;BTG PACTUAL ASSET MANAGEMENT S/A DTVM;ETF;Ações Brasil;
37843293000189;;BTG PACTUAL ESG FUNDO DE ÍNDICE S&P/B3 BRAZIL ESG;BTG PACTUAL ASSET MANAGEMENT S/A DTVM;ETF;Ações Brasil;sinais no nome: Ações Internacionais + Ações Brasil
42682281000150;;BTG PACTUAL SMLL B3 FUNDO DE ÍNDICE;BTG PACTUAL ASSET MANAGEMENT S/A DTVM;ETF;Ações Brasil;
61273759000132;;BTG PACTUAL TEVA AUVP AÇÕES FUNDAMENTOS FUNDO DE ÍNDICE;BTG PACTUAL ASSET MANAGEMENT S/A DTVM;ETF;Ações Brasil;
63905124000136;;BTG PACTUAL TEVA AUVP ITBR LIQUIDEZ FUNDO DE ÍNDICE;BTG PACTUAL ASSET MANAGEMENT S/A DTVM;ETF-RF;Ações Brasil;
43391410000113;;BTG PACTUAL TEVA AÇÕES COMMODITIES BRASIL FUNDO DE ÍNDICE;BTG PACTUAL ASSET MANAGEMENT S/A DTVM;ETF;Ações Brasil;sinais no nome: Commodities + Ações Brasil
57063444000193;;BTG PACTUAL TEVA DIVIDENDOS ATIVOS REAIS LISTADOS FUNDO DE ÍNDICE;BTG PACTUAL ASSET MANAGEMENT S/A DTVM;ETF;Ações Brasil;
59506849000184;;BTG PACTUAL TEVA IABR SELECTOR FUNDO DE ÍNDICE;BTG PACTUAL ASSET MANAGEMENT S/A DTVM;ETF;Ações Brasil;
14120533000111;;CAIXA ETF IBOVESPA FUNDO DE ÍNDICE - RESPONSABILIDADE LIMITADA;CAIXA DISTRIBUIDORA DE TÍTULOS E VALORES MOBILIÁRI;ETF;Ações Brasil;
43140303000112;;ETF TRÍGONO TEVA AÇÕES MICRO CAP / SMALL CAP FUNDO DE ÍNDICE;TRÍGONO CAPITAL LTDA;ETF;Ações Brasil;
32203211000118;;FUNDO DE INVESTIMENTO DE ÍNDICE - CLASSE DE INVESTIMENTO ETF BRADESCO IBOVESPA - RESP LIMITADA;BANCO BRADESCO S.A.;ETF;Ações Brasil;
62494142000100;;INVESTO B3 UTILIDADE PÚBLICA FUNDO DE ÍNDICE;INVESTO GESTÃO DE RECURSOS LTDA.;ETF;Ações Brasil;
66731874000127;;INVESTO BRASIL BANCOS B3 CLASSE DE ÍNDICE - RESPONSABILIDADE LIMITADA;INVESTO GESTÃO DE RECURSOS LTDA.;ETF;Ações Brasil;
66575736000104;;INVESTO BRAZIL BESST QUALITY ACUMULAÇÃO FUNDO DE ÍNDICE;INVESTO GESTÃO DE RECURSOS LTDA.;ETF;Ações Brasil;
61950414000176;;INVESTO BRAZIL BESST QUALITY FUNDO DE ÍNDICE;INVESTO GESTÃO DE RECURSOS LTDA.;ETF;Ações Brasil;
45823539000189;;INVESTO MARKETVECTOR BRAZIL DOMESTIC EXPOSURE ETF CLASSE DE ÍNDICE - RESPONSABILIDADE LIMITADA;INVESTO GESTÃO DE RECURSOS LTDA.;ETF;Ações Brasil;
45814400000179;;INVESTO MARKETVECTOR BRAZIL SMALL CAP VALUE ETF CLASSE DE ÍNDICE - RESPONSABILIDADE LIMITADA;INVESTO GESTÃO DE RECURSOS LTDA.;ETF;Ações Brasil;
10406600000108;;ISHARES BM&FBOVESPA SMALL CAP CLASSE DE  ÍNDICE - RESPONSABILIDADE LIMITADA;BLACKROCK BRASIL GESTORA DE INVESTIMENTOS LTDA;ETF;Ações Brasil;
60553995000140;;ISHARES BOVESPA BR+ CAP 5% B3 CLASSE DE ÍNDICE - RESPONSABILIDADE LIMITADA;BLACKROCK BRASIL GESTORA DE INVESTIMENTOS LTDA;ETF;Ações Brasil;
60554347000108;;ISHARES BOVESPA BR+ EQUAL WEIGHT B3 CLASSE DE ÍNDICE - RESPONSABILIDADE LIMITADA;BLACKROCK BRASIL GESTORA DE INVESTIMENTOS LTDA;ETF;Ações Brasil;
10406511000161;;ISHARES IBOVESPA CLASSE DE ÍNDICE - RESPONSABILIDADE LIMITADA;BLACKROCK BRASIL GESTORA DE INVESTIMENTOS LTDA;ETF;Ações Brasil;
11455378000104;;ISHARES IBRX - ÍNDICE  BRASIL (IBrX-100) CLASSE DE ÍNDICE - RESPONSABILIDADE LIMITADA;BLACKROCK BRASIL GESTORA DE INVESTIMENTOS LTDA;ETF;Ações Brasil;
15562377000101;;ISHARES INDICE CARBONO EFICIENTE (ICO2)  BRASIL IS CLASSE DE ÍNDICE - RESPONSABILIDADE LIMITADA;BLACKROCK BRASIL GESTORA DE INVESTIMENTOS LTDA;ETF;Ações Brasil;sinais no nome: Commodities + Ações Brasil
56211321000190;;IT NOW IBOVESPA B3 BR+ FUNDO DE ÍNDICE - RESPONSABILIDADE LIMITADA;ITAU UNIBANCO ASSET MANAGEMENT LTDA.;ETF;Ações Brasil;
21407758000119;;IT NOW IBOVESPA FUNDO DE ÍNDICE RESPONSABILIDADE LIMITADA;ITAU UNIBANCO ASSET MANAGEMENT LTDA.;ETF;Ações Brasil;
13416245000146;;IT NOW IDIV FUNDO DE ÍNDICE RESPONSABILIDADE LIMITADA;ITAU UNIBANCO ASSET MANAGEMENT LTDA.;ETF;Ações Brasil;
54314981000170;;IT NOW IDIV RENDA DIVIDENDOS FUNDO DE ÍNDICE - RESPONSABILIDADE LIMITADA;ITAU UNIBANCO ASSET MANAGEMENT LTDA.;ETF;Ações Brasil;
11961094000181;;IT NOW IFNC FUNDO DE ÍNDICE - RESPONSABILIDADE LIMITADA;ITAU UNIBANCO ASSET MANAGEMENT LTDA.;ETF;Ações Brasil;
11184136000115;;IT NOW IGCT FUNDO DE INDICE INVESTIMENTO SUSTENTÁVEL RESPONSABILIDADE LIMITADA;ITAU UNIBANCO ASSET MANAGEMENT LTDA.;ETF;Ações Brasil;
13416228000109;;IT NOW IMAT FUNDO DE INDICE RESPONSABILIDADE LIMITADA;ITAU UNIBANCO ASSET MANAGEMENT LTDA.;ETF;Ações Brasil;
12984444000198;;IT NOW ISE FUNDO DE ÍNDICE INVESTIMENTO SUSTENTÁVEL - RESPONSABILIDADE LIMITADA;ITAU UNIBANCO ASSET MANAGEMENT LTDA.;ETF;Ações Brasil;
6323688000127;;IT NOW PIBB IBRX-50 FUNDO DE ÍNDICE RESPONSABILIDADE LIMITADA;ITAU UNIBANCO ASSET MANAGEMENT LTDA.;;Ações Brasil;
34803814000186;;IT NOW SMALL CAPS FUNDO DE ÍNDICE RESPONSABILIDADE LIMITADA;ITAU UNIBANCO ASSET MANAGEMENT LTDA.;ETF;Ações Brasil;
52116361000100;;NU IBOV SMART DIVIDENDOS CLASSE DE ÍNDICE - RESPONSABILIDADE LIMITADA;NU ASSET MANAGEMENT LTDA;ETF;Ações Brasil;
55705611000127;;NU IBOV SMART HIGH BETA B3 CLASSE DE ÍNDICE - RESPONSABILIDADE LIMITADA;NU ASSET MANAGEMENT LTDA;ETF;Ações Brasil;
55705668000126;;NU IBOV SMART LOW VOLATILITY B3 CLASSE DE  ÍNDICE - RESPONSABILIDADE LIMITADA;NU ASSET MANAGEMENT LTDA;ETF;Ações Brasil;
56107650000195;;NU IBOVESPA B3 BR+ CLASSE DE ÍNDICE - RESPONSABILIDADE LIMITADA;NU ASSET MANAGEMENT LTDA;ETF;Ações Brasil;
52116337000162;;NU RENDA IBOV SMART DIVIDENDOS CLASSE DE  ÍNDICE - RESPONSABILIDADE LIMITADA;NU ASSET MANAGEMENT LTDA;ETF;Ações Brasil;
63063704000123;;RIO BRAVO INVESTO MARKETVECTOR BRAZIL MULTIFACTOR QUALITY FUNDO DE ÍNDICE;INVESTO GESTÃO DE RECURSOS LTDA.;ETF;Ações Brasil;
63063704000123;;RIO BRAVO INVESTO MARKETVECTOR BRAZIL MULTIFACTOR QUALITY FUNDO DE ÍNDICE;RIO BRAVO INVESTIMENTOS LTDA;ETF;Ações Brasil;
57091257000113;;SAFRA ETF IBOVESPA EMPRESAS ESTATAIS FUNDO DE INDICE - RESPONSABILIDADE LIMITADA;SAFRA ASSET CORRETORA DE TÍTULOS E VALORES MOBILIÁ;ETF;Ações Brasil;
57091195000140;;SAFRA ETF IBOVESPA EMPRESAS PRIVADAS FUNDO DE INDICE - RESPONSABILIDADE LIMITADA;SAFRA ASSET CORRETORA DE TÍTULOS E VALORES MOBILIÁ;ETF;Ações Brasil;
38350645000127;;SAFRA ETF IBOVESPA FUNDO DE INDICE - RESPONSABILIDADE LIMITADA;SAFRA ASSET CORRETORA DE TÍTULOS E VALORES MOBILIÁ;ETF;Ações Brasil;
43210658000130;;SAFRA ETF MULHERES NA LIDERANÇA FUNDO DE ÍNDICE DE AÇÕES INVESTIMENTO SUSTENTÁVEL - RESP LIMITADA;SAFRA ASSET CORRETORA DE TÍTULOS E VALORES MOBILIÁ;ETF;Ações Brasil;
40155573000109;;TREND ETF IBOVESPA CLASSE DE ÍNDICE -  RESPONSABILIDADE LIMITADA;XP ALLOCATION ASSET MANAGEMENT LTDA.;ETF;Ações Brasil;
60553176000100;;B-INDEX ETF CONNECT CHINA AMC CHINEXT FUNDO DE ÍNDICE - RESP LIMITADA;BANCO BRADESCO S.A.;ETF;Ações Internacionais;
60023816000162;;B-INDEX ETF CONNECT CHINA UNIVERSAL CSI 300 FUNDO DE ÍNDICE - RESP LIMITADA;BANCO BRADESCO S.A.;ETF;Ações Internacionais;
63823417000174;;B-INDEX ETF S&P 500 BRL FUNDO DE ÍNDICE - RESPONSABILIDADE LIMITADA;BANCO BRADESCO S.A.;ETF;Ações Internacionais;
55620015000144;;BB ETF ÍNDICE FUTURO DE DOLAR S&P/B3 FUNDO DE ÍNDICE RESPONSABILIDADE LIMITADA;BB GESTAO DE RECURSOS DTVM S.A;ETF;Ações Internacionais;
60310645000152;;BTG PACTUAL REFERENCE S&P/B3 CAMBIAL FUNDO DE ÍNDICE;BTG PACTUAL ASSET MANAGEMENT S/A DTVM;ETF;Ações Internacionais;
42682199000125;;BTG PACTUAL S&P 500 FUNDO DE ÍNDICE;BTG PACTUAL ASSET MANAGEMENT S/A DTVM;ETF;Ações Internacionais;
63175655000110;;BTG PACTUAL S&P 500 FUTURES QUANTO BRL FUNDO DE ÍNDICE;BTG PACTUAL ASSET MANAGEMENT S/A DTVM;ETF;Ações Internacionais;
42134357000102;;BTG PACTUAL S&P/B3 INGENIUS FUNDO DE ÍNDICE;BTG PACTUAL ASSET MANAGEMENT S/A DTVM;ETF;Ações Internacionais;
59719389000172;;BUENA VISTA BLOOMBERG US BILLIONAIRES INVESTMENT SELECT INDEX FUNDO DE ÍNDICE - RESP LIMITADA;BUENA VISTA GESTORA DE RECURSOS LTDA.;ETF;Ações Internacionais;
63209544000188;;BUENA VISTA DEX NEOS INTERNATIONAL HIGH INCOME FUNDO DE ÍNDICE DE RESPONSABILIDADE LIMITADA;BUENA VISTA GESTORA DE RECURSOS LTDA.;ETF;Ações Internacionais;
65603290000103;;BUENA VISTA DEX VETTAFI NEOS BOOSTED S&P 500 HIGH INCOME FUNDO DE ÍNDICE DE RESPONSABILIDADE LIMITAD;BUENA VISTA GESTORA DE RECURSOS LTDA.;ETF;Ações Internacionais;
64423976000150;;BUENA VISTA DEX VETTAFI NEOS ENERGY INFRASTRUCTURE HIGH INCOME FUNDO DE ÍNDICE DE RESPONSABILIDADE L;BUENA VISTA GESTORA DE RECURSOS LTDA.;ETF;Ações Internacionais;
65990602000189;;BUENA VISTA DEX VETTAFI NEOS MULTI HIGH INCOME FUNDO DE ÍNDICE DE RESPONSABILIDADE LIMITAD;BUENA VISTA GESTORA DE RECURSOS LTDA.;ETF;Ações Internacionais;
58348330000152;;BUENA VISTA NASDAQ-100 HIGH BETA INDEX FUNDO DE ÍNDICE - RESPONSABILIDADE LIMITADA;BUENA VISTA GESTORA DE RECURSOS LTDA.;ETF;Ações Internacionais;
54825284000184;;BUENA VISTA NASDAQ-100 NEOS HIGH INCOME ETF INDEX (NDXHIEN) FUNDO DE ÍNDICE - RESPONSABILIDADE LIM;BUENA VISTA GESTORA DE RECURSOS LTDA.;ETF;Ações Internacionais;
57922206000196;;BUENA VISTA NEOS RUSSELL 2000 HIGH INCOME INDEX FUNDO DE ÍNDICE - RESPONSABILIDADE LIMITADA;BUENA VISTA GESTORA DE RECURSOS LTDA.;ETF;Ações Internacionais;
51949867000129;;BUENA VISTA US HIGH INCOME ETF FUNDO DE ÍNDICE NEOS U.S. EQUITY HIGH INCOME INDEX - RESPONSABILIDADE;BUENA VISTA GESTORA DE RECURSOS LTDA.;ETF;Ações Internacionais;
63429736000108;;GALAPAGOS FTSE GLOBAL EQUITIES EX US FUNDO DE ÍNDICE;GALAPAGOS CAPITAL INVESTIMENTOS E PARTICIPAÇÕES LT;ETF;Ações Internacionais;
63428769000125;;GENIAL TEVA AÇÕES HIGH BETA CLASSE DE ÍNDICE RESP LIMITADA;PLURAL INVESTIMENTOS GESTÃO DE RECURSOS LTDA.;ETF;Ações Internacionais;
61604144000141;;INVESTO ARGENTINA FUNDO DE ÍNDICE;INVESTO GESTÃO DE RECURSOS LTDA.;ETF;Ações Internacionais;
43216095000198;;INVESTO BLOOMBERG GLOBAL BOND ETF CLASSE  DE ÍNDICE - RESPONSABILIDADE LIMITADA;INVESTO GESTÃO DE RECURSOS LTDA.;;Ações Internacionais;
45295262000169;;INVESTO BLUESTAR TOP 10 US LISTED ALTERNATIVE ASSET MANAGERS ETF FUNDO DE INVESTIMENTO DE ÍNDICE - I;INVESTO GESTÃO DE RECURSOS LTDA.;ETF;Ações Internacionais;
43105466000164;;INVESTO ETF GLOBAL VIDEO GAMING & ESPORTS CLASSE DE ÍNDICE - IE - RESPONSABILIDADE LIMITADA;INVESTO GESTÃO DE RECURSOS LTDA.;ETF;Ações Internacionais;
40751130000180;;INVESTO ETF MSCI US TECHNOLOGY CLASSE DE ÍNDICE - INVESTIMENTO NO EXTERIOR - RESP LIMITADA;INVESTO GESTÃO DE RECURSOS LTDA.;ETF;Ações Internacionais;
43210375000199;;INVESTO ETF S&P SMALLCAP 600 VALUE CLASSE DE ÍNDICE - RESPONSABILIDADE LIMITADA;INVESTO GESTÃO DE RECURSOS LTDA.;ETF;Ações Internacionais;sinais no nome: Ações Internacionais + Ações Brasil
42280376000147;;INVESTO ETF US LISTED  SEMICONDUCTOR 25 INDEX CLASSE DE ÍNDICE IE RESP LIMITADA;INVESTO GESTÃO DE RECURSOS LTDA.;ETF;Ações Internacionais;
61689798000115;;INVESTO FTSE ALL-WORLD FUNDO DE ÍNDICE;INVESTO GESTÃO DE RECURSOS LTDA.;ETF;Ações Internacionais;
65836654000103;;INVESTO FTSE EMERGING MARKETS ALL CAP CHINA  A INCLUSION CLASSE DE ÍNDICE RESPONS LIMITADADA;INVESTO GESTÃO DE RECURSOS LTDA.;ETF;Ações Internacionais;
42280262000105;;INVESTO FTSE GLOBAL EQUITIES ETF CLASSE DE ÍNDICE - IE - RESPONSABILIDADE LIMITADA;INVESTO GESTÃO DE RECURSOS LTDA.;ETF;Ações Internacionais;
60832345000133;;INVESTO GP ETF S&P 500 FUNDO DE ÍNDICE;INVESTO GESTÃO DE RECURSOS LTDA.;ETF;Ações Internacionais;
45814375000123;;INVESTO MARKETVECTOR BRAZIL GLOBAL EXPOSURE ETF CLASSE DE ÍNDICE - RESPONSABILIDADE LIMITADA;INVESTO GESTÃO DE RECURSOS LTDA.;ETF;Ações Internacionais;
42280328000159;;INVESTO MSCI US REAL ESTATE ETF CLASSE DE ÍNDICE - IE - RESPONSABILIDADE LIMITADA;INVESTO GESTÃO DE RECURSOS LTDA.;ETF;Ações Internacionais;
42280298000180;;INVESTO MVIS GLOBAL URANIUM &  NUCLEAR ENERGY ETF CLASSE DE ÍNDICE - RESPONSABILIDADE LIMITADA;INVESTO GESTÃO DE RECURSOS LTDA.;ETF;Ações Internacionais;
60057113000155;;INVESTO MVIS®US BUSINESS DEVELOPMENT COMPANIES INDEX ETF FUNDO DE ÍNDICE;INVESTO GESTÃO DE RECURSOS LTDA.;ETF;Ações Internacionais;
19909560000191;;ISHARES S&P 500 CLASSE DE ÍNDICE EM COTAS DE CLASSES DE ÍNDICE IE - RESPONSABILIDADE LIMITADA;BLACKROCK BRASIL GESTORA DE INVESTIMENTOS LTDA;ETF;Ações Internacionais;
61231268000129;;IT NOW ETF CONNECT E FUND MSCI CHINA  A50 FUNDO DE ÍNDICE RESPONSABILIDADE LIMITADA;ITAU UNIBANCO ASSET MANAGEMENT LTDA.;ETF;Ações Internacionais;
41054489000161;;IT NOW MORNINGSTAR US DIGITAL LIFESTYLE FUNDO DE ÍNDICE RESPONSABILIDADE LIMITADA;ITAU UNIBANCO ASSET MANAGEMENT LTDA.;ETF;Ações Internacionais;
41054515000151;;IT NOW MORNINGSTAR XT US HEALTHCARE FUNDO DE ÍNDICE RESPONSABILIDADE LIMITADA;ITAU UNIBANCO ASSET MANAGEMENT LTDA.;ETF;Ações Internacionais;
38354844000103;;IT NOW NYSE FANG+T FUNDO DE ÍNDICE RESPONSABILIDADE LIMITADA;ITAU UNIBANCO ASSET MANAGEMENT LTDA.;ETF;Ações Internacionais;
41054432000162;;IT NOW RUSSELL® 1000 GREEN REVENUES 50 FUNDO DE ÍNDICE INVESTIMENTO SUSTENTÁVEL RESP LIMITADA;ITAU UNIBANCO ASSET MANAGEMENT LTDA.;ETF;Ações Internacionais;
58022660000153;;IT NOW S&P 500 FUTURES QUANTO BRL FUNDO DE ÍNDICE - RESPONSABILIDADE LIMITADA;ITAU UNIBANCO ASSET MANAGEMENT LTDA.;ETF;Ações Internacionais;
17036289000100;;IT NOW S&P500® TRN FUNDO DE ÍNDICE RESPONSABILIDADE LIMITADA;ITAU UNIBANCO ASSET MANAGEMENT LTDA.;ETF;Ações Internacionais;
38542889000101;;TREND ETF BLOOMBERG ALL COUNTRIES CLASSE DE ÍNDICE - RESPONSABILIDADE LIMITADA;XP ALLOCATION ASSET MANAGEMENT LTDA.;ETF;Ações Internacionais;
38542870000165;;TREND ETF BLOOMBERG CHINA CLASSE DE ÍNDICE - RESPONSABILIDADE LIMITADA INVESTIMENTO NO EXTERIOR;XP ALLOCATION ASSET MANAGEMENT LTDA.;ETF;Ações Internacionais;
40952802000116;;TREND ETF BLOOMBERG US 3000 TECHNOLOGY  CLASSE DE ÍNDICE - RESPONSABILIDADE LIMITADA;XP ALLOCATION ASSET MANAGEMENT LTDA.;ETF;Ações Internacionais;
35578672000163;;TREND ETF NASDAQ 100 CLASSE DE ÍNDICE INVESTIMENTO NO EXTERIOR - RESPONSABILIDADE  LIMITADA;XP ALLOCATION ASSET MANAGEMENT LTDA.;ETF;Ações Internacionais;
63747438000158;;TREND ETF S&P / B3 DOLAR CLASSE DE ÍNDICE - RESPONSABILIDADE LIMITADA;XP ALLOCATION ASSET MANAGEMENT LTDA.;ETF;Ações Internacionais;
42101885000165;;TREND ETF S&P 500 FUTURES USD-BRLCLASSE DE  ÍNDICE - RESPONSABILIDADE LIMITADA;XP ALLOCATION ASSET MANAGEMENT LTDA.;ETF;Ações Internacionais;
63747287000138;;TREND ETF S&P 500 QUANTO CLASSE DE ÍNDICE - RESPONSABILIDADE LIMITADA;XP ALLOCATION ASSET MANAGEMENT LTDA.;ETF;Ações Internacionais;
63728394000119;;B-INDEX ETF OURO BRL B3 FUNDO DE ÍNDICE - RESPONSABILIDADE LIMITADA;BANCO BRADESCO S.A.;ETF;Commodities;
45081470000165;;BB ETF IAGRO-FFS B3 FUNDO DE ÍNDICE RESPONSABILIDADE LIMITADA;BB GESTAO DE RECURSOS DTVM S.A;ETF;Commodities;
46610422000180;;BB ETF ÍNDICE FUTURO DE BOI GORDO B3 FUNDO DE ÍNDICE RESPONSABILIDADE LIMITADA;BB GESTAO DE RECURSOS DTVM S.A;ETF;Commodities;
46467170000181;;BB ETF ÍNDICE FUTURO DE MILHO B3 FUNDO DE ÍNDICE RESPONSABILIDADE LIMITADA;BB GESTAO DE RECURSOS DTVM S.A;ETF;Commodities;
62415896000127;;BTG PACTUAL FUTURO DE OURO B3 FUNDO DE ÍNDICE;BTG PACTUAL ASSET MANAGEMENT S/A DTVM;ETF;Commodities;
62211601000109;;BUENA VISTA NEOS GOLD HIGH INCOME INDEX FUNDO DE ÍNDICE DE RESPONSABILIDADE LIMITADA;BUENA VISTA GESTORA DE RECURSOS LTDA.;ETF;Commodities;
43210419000180;;CLASSE A DA INVESTO ETF SOLACTIVE GOLD SPOT INDEX DE FUNDO DE ÍNDICE  RESPONSABILIDADE LIMITADA;INVESTO GESTÃO DE RECURSOS LTDA.;ETF;Commodities;
66016978000150;;GALAPAGOS OURO FÍSICO DEX FUNDO DE ÍNDICE;GALAPAGOS CAPITAL INVESTIMENTOS E PARTICIPAÇÕES LT;ETF;Commodities;
66017072000150;;GALAPAGOS PRATA FÍSICA DEX FUNDO DE ÍNDICE;GALAPAGOS CAPITAL INVESTIMENTOS E PARTICIPAÇÕES LT;ETF;Commodities;
67110637000101;;INVESTO RARE EARTH/STRATEGIC METALS FUNDO DE ÍNDICE;INVESTO GESTÃO DE RECURSOS LTDA.;ETF;Commodities;
63289842000125;;IT NOW GOLD BRL FUNDO DE ÍNDICE RESPONSABILIDADE LIMITADA;ITAU UNIBANCO ASSET MANAGEMENT LTDA.;ETF;Commodities;
63715020000169;;TREND ETF B3 OURO CLASSE DE ÍNDICE - RESPONSABILIDADE LIMITADA;XP ALLOCATION ASSET MANAGEMENT LTDA.;ETF;Commodities;
37985763000149;;TREND ETF LBMA OURO CLASSE DE ÍNDICE INVESTIMENTO NO EXTERIOR - RESPONSABILIDADE LIMITADA;XP ALLOCATION ASSET MANAGEMENT LTDA.;ETF;Commodities;
65594464000119;;TREND ETF LBMA PRATA CLASSE DE ÍNDICE - RESPONSABILIDADE LIMITADA;XP ALLOCATION ASSET MANAGEMENT LTDA.;ETF;Commodities;
67419920000110;;BTG PACTUAL TEVA AUVP BITCOIN FEAR ARBITRAGE FUNDO DE ÍNDICE;BTG PACTUAL ASSET MANAGEMENT S/A DTVM;ETF-Cripto;Cripto;
62279087000135;;BTG PACTUAL TEVA BITCOIN FUNDO DE ÍNDICE;BTG PACTUAL ASSET MANAGEMENT S/A DTVM;ETF-Cripto;Cripto;
62278836000100;;BTG PACTUAL TEVA ETHEREUM FUNDO DE ÍNDICE;BTG PACTUAL ASSET MANAGEMENT S/A DTVM;ETF-Cripto;Cripto;
65602949000107;;BUENA VISTA DEX VETTAFI NEOS BOOSTED BITCOIN HIGH INCOME FUNDO DE ÍNDICE DE RESPONSABILIDADE LIMITAD;BUENA VISTA GESTORA DE RECURSOS LTDA.;ETF;Cripto;
63829366000198;;BUENA VISTA DEX VETTAFI NEOS ETHEREUM HIGH INCOME FUNDO DE ÍNDICE DE RESPONSABILIDADE LIMITADA;BUENA VISTA GESTORA DE RECURSOS LTDA.;ETF-Cripto;Cripto;
61202531000151;;BUENA VISTA HASHDEX GOLD & BITCOIN FUNDO DE ÍNDICE - RESPONSABILIDADE LIMITADA;BUENA VISTA GESTORA DE RECURSOS LTDA.;ETF-Cripto;Cripto;sinais no nome: Cripto + Commodities
57920798000107;;BUENA VISTA NEOS BITCOIN HIGH INCOME INDEX FUNDO DE ÍNDICE - RESPONSABILIDADE LIMITADA;BUENA VISTA GESTORA DE RECURSOS LTDA.;ETF;Cripto;
61440035000136;;EMPIRICUS TEVA BITCOIN FUNDO DE ÍNDICE;EMPIRICUS ASSET MANAGEMENT  LTDA.;ETF-Cripto;Cripto;
36669709000121;;EMPIRICUS TEVA CRIPTOMOEDAS TOP20 FUNDO DE ÍNDICE;EMPIRICUS ASSET MANAGEMENT  LTDA.;ETF-Cripto;Cripto;
63756772000178;;GALAPAGOS BITCOIN CME CF FUNDO DE ÍNDICE;GALAPAGOS CAPITAL INVESTIMENTOS E PARTICIPAÇÕES LT;ETF-Cripto;Cripto;
44124505000133;;HASHDEX CRYPTO METAVERSE FUNDO DE ÍNDICE - RESPONSABILIDADE LIMITADA;HASHDEX GESTORA DE RECURSOS LTDA;ETF-Cripto;Cripto;
40755515000116;;HASHDEX DEFI INDEX FUNDO DE ÍNDICE RESPONSABILIDADE LIMITADA;HASHDEX GESTORA DE RECURSOS LTDA;ETF-Cripto;Cripto;
41256573000168;;HASHDEX NASDAQ BITCOIN REFERENCE PRICE FUNDO DE ÍNDICE - RESPONSABILIDADE LIMITADA;HASHDEX GESTORA DE RECURSOS LTDA;ETF-Cripto;Cripto;sinais no nome: Cripto + Ações Internacionais
38314708000190;;HASHDEX NASDAQ CME CRYPTO INDEX FUNDO DE ÍNDICE - RESPONSABILIDADE LIMITADA;HASHDEX GESTORA DE RECURSOS LTDA;ETF-Cripto;Cripto;sinais no nome: Cripto + Ações Internacionais
41907631000176;;HASHDEX NASDAQ ETHEREUM REFERENCE PRICE FUNDO DE ÍNDICE - RESPONSABILIDADE LIMITADA;HASHDEX GESTORA DE RECURSOS LTDA;ETF-Cripto;Cripto;sinais no nome: Cripto + Ações Internacionais
56746166000106;;HASHDEX NASDAQ SOLANA FUNDO DE ÍNDICE;HASHDEX GESTORA DE RECURSOS LTDA;ETF-Cripto;Cripto;sinais no nome: Cripto + Ações Internacionais
58430507000165;;HASHDEX NASDAQ XRP FUNDO DE ÍNDICE - RESPONSABILIDADE LIMITADA;HASHDEX GESTORA DE RECURSOS LTDA;ETF-Cripto;Cripto;sinais no nome: Cripto + Ações Internacionais
43951717000121;;HASHDEX SMART CONTRACT PLATFORMS FUNDO DE ÍNDICE;HASHDEX GESTORA DE RECURSOS LTDA;ETF-Cripto;Cripto;
47758831000190;;Hashdex Crypto Momentum Fundo de Índice;HASHDEX GESTORA DE RECURSOS LTDA;ETF-Cripto;Cripto;sinais no nome: Cripto + Ações Brasil
63407496000132;;INVESTO CONSTÂNCIA FATORES DEFENSIVIDADE FUNDO DE ÍNDICE;INVESTO GESTÃO DE RECURSOS LTDA.;ETF;Cripto;
56158890000119;;INVESTO ETF MARKETVECTOR BITCOIN BENCHMARK RATE FUNDO DE ÍNDICE - RESPONSABILIDADE LIMITADA;INVESTO GESTÃO DE RECURSOS LTDA.;ETF-Cripto;Cripto;
38000706000126;;IT NOW BLOOMBERG GALAXY BITCOIN FUNDO DE ÍNDICE RESPONSABILIDADE LIMITADA;ITAU UNIBANCO ASSET MANAGEMENT LTDA.;ETF-Cripto;Cripto;
61846717000143;;NU NASDAQ BRAZIL BITCOIN CARRY FUTURES  CLASSE DE ÍNDICE - RESPONSABILIDADE LIMITADA;NU ASSET MANAGEMENT LTDA;ETF-Cripto;Cripto;sinais no nome: Cripto + Ações Internacionais
42682790000182;;QR BLOOMBERG DEFI FUNDO DE ÍNDICE - INVESTIMENTO NO EXTERIOR;;ETF-Cripto;Cripto;
39979022000180;;QR CME CF BITCOIN REFERENCE RATE FUNDO DE ÍNDICE - INVESTIMENTO NO EXTERIOR;QR ASSET GESTORA DE RECURSOS LTDA.;ETF-Cripto;Cripto;
41706298000137;;QR CME CF ETHER REFERENCE RATE FUNDO DE ÍNDICE - INVESTIMENTO NO EXTERIOR;QR ASSET GESTORA DE RECURSOS LTDA.;ETF-Cripto;Cripto;
56043036000107;;QR CME CF SOLANA DOLLAR REFERENCE RATE FUNDO DE ÍNDICE RESPONSABILIDADE LIMITADA;QR ASSET GESTORA DE RECURSOS LTDA.;ETF-Cripto;Cripto;
63506564000110;;TREND ETF BLOOMBERG BITCOIN CLASSE DE  ÍNDICE - RESPONSABILIDADE LIMITADA;XP ALLOCATION ASSET MANAGEMENT LTDA.;ETF-Cripto;Cripto;
63669232000157;;TREND ETF BLOOMBERG ETHEREUM CLASSE DE  ÍNDICE - RESPONSABILIDADE LIMITADA;XP ALLOCATION ASSET MANAGEMENT LTDA.;ETF-Cripto;Cripto;
59680030000139;;BUENA VISTA NEOS REAL ESTATE HIGH INCOME BR INDEX FUNDO DE ÍNDICE - RESPONSABILIDADE LIMITADA;BUENA VISTA GESTORA DE RECURSOS LTDA.;ETF;FIIs (índice);
60419043000138;;HEDGE BRASIL EQUITY REITS FUNDO DE ÍNDICE DE RESPONSABILIDADE LIMITADA;HEDGE INVESTMENTS REAL ESTATE GESTÃO DE RECURSOS L;;FIIs (índice);sinais no nome: Ações Internacionais + Ações Brasil
36046508000178;;TREND ETF IFIX-L  CLASSE DE ÍNDICE - RESPONSABILIDADE LIMITADA;XP ALLOCATION ASSET MANAGEMENT LTDA.;;FIIs (índice);
62319584000110;;B-INDEX ETF IMA-B 5 P2 FUNDO DE ÍNDICE - RESPONSABILIDADE LIMITADA;BANCO BRADESCO S.A.;ETF-RF;Renda Fixa;
62363807000146;;B-INDEX ETF IRF-M P2 FUNDO DE ÍNDICE - RESPONSABILIDADE LIMITADA;BANCO BRADESCO S.A.;ETF-RF;Renda Fixa;
62390395000133;;B-INDEX ETF TEVA LFT CURTO PRAZO FUNDO DE ÍNDICE - RESPONSABILIDADE LIMITADA;BANCO BRADESCO S.A.;ETF-RF;Renda Fixa;
26845780000164;;BB ETF RENDA FIXA PRÉ ÍNDICE FUTURO DE TAXAS DE JUROS S&P/B3  FUNDO DE ÍNDICE RESP LIMITADA;BB GESTAO DE RECURSOS DTVM S.A;ETF-RF;Renda Fixa;sinais no nome: Renda Fixa + Ações Internacionais
51921067000108;;BB ETF ÍNDICE DAP5 B3 FUNDO DE ÍNDICE RESPONSABILIDADE LIMITADA;BB GESTAO DE RECURSOS DTVM S.A;ETF-RF;Renda Fixa;
63082782000175;;BTG PACTUAL DYNAMIC BALANCED CLO FUNDO DE ÍNDICE;BTG PACTUAL ASSET MANAGEMENT S/A DTVM;;Renda Fixa;
57656453000198;;BTG PACTUAL IMA-B 5 P2 FUNDO DE ÍNDICE;BTG PACTUAL ASSET MANAGEMENT S/A DTVM;ETF-RF;Renda Fixa;
61433898000186;;BTG PACTUAL IMA-B 5+ FUNDO DE ÍNDICE;BTG PACTUAL ASSET MANAGEMENT S/A DTVM;ETF-RF;Renda Fixa;
57656200000114;;BTG PACTUAL IMA-B FUNDO DE ÍNDICE;BTG PACTUAL ASSET MANAGEMENT S/A DTVM;ETF-RF;Renda Fixa;
61433644000168;;BTG PACTUAL IRF-M P2 FUNDO DE ÍNDICE;BTG PACTUAL ASSET MANAGEMENT S/A DTVM;ETF-RF;Renda Fixa;
59172415000195;;BTG PACTUAL MARGEM DEBÊNTURES ULTRA QUALIDADE DI B3 FUNDO DE ÍNDICE;BTG PACTUAL ASSET MANAGEMENT S/A DTVM;ETF-RF;Renda Fixa;
66607709000168;;BTG PACTUAL PF TEVA ITBR TESOURO IPCA FUNDO DE ÍNDICE;BTG PACTUAL ASSET MANAGEMENT S/A DTVM;ETF-RF;Renda Fixa;sinais no nome: Renda Fixa + Commodities
62579973000184;;BTG PACTUAL TEVA AUVP RENDA AUTOMÁTICA ITBR IPCA RENDIMENTO FUNDO DE ÍNDICE;BTG PACTUAL ASSET MANAGEMENT S/A DTVM;ETF-RF;Renda Fixa;
45064129000100;;BTG PACTUAL TEVA DEBÊNTURES DI FUNDO DE ÍNDICE;BTG PACTUAL ASSET MANAGEMENT S/A DTVM;ETF-RF;Renda Fixa;
62320381000143;;BTG PACTUAL TEVA ITBR IPCA 95-5 FUNDO DE ÍNDICE;BTG PACTUAL ASSET MANAGEMENT S/A DTVM;ETF-RF;Renda Fixa;
62999367000118;;BTG PACTUAL TEVA ITBR IPCA FUNDO DE ÍNDICE;BTG PACTUAL ASSET MANAGEMENT S/A DTVM;ETF-RF;Renda Fixa;
64690760000150;;BTG PACTUAL TEVA ITBR TESOURO IPCA 2035 FUNDO DE ÍNDICE;BTG PACTUAL ASSET MANAGEMENT S/A DTVM;ETF-RF;Renda Fixa;sinais no nome: Renda Fixa + Commodities
62087419000180;;BTG PACTUAL TEVA LETRAS FINANCEIRAS DI QUALIDADE FUNDO DE ÍNDICE;BTG PACTUAL ASSET MANAGEMENT S/A DTVM;ETF-RF;Renda Fixa;
44702829000101;;BTG PACTUAL TEVA TESOURO IPCA ULTRA LONGO CE FUNDO DE ÍNDICE;BTG PACTUAL ASSET MANAGEMENT S/A DTVM;ETF-RF;Renda Fixa;sinais no nome: Renda Fixa + Commodities
61088467000120;;BTG PACTUAL TEVA TESOURO SELIC FUNDO DE ÍNDICE;BTG PACTUAL ASSET MANAGEMENT S/A DTVM;ETF-RF;Renda Fixa;sinais no nome: Renda Fixa + Commodities
59783336000110;;BUENA VISTA NEOS ENCHANCED INCOME 1-3 MONTH T-BILL ETF BR INDEX FUNDO DE ÍNDICE - RESP LIMITADA;BUENA VISTA GESTORA DE RECURSOS LTDA.;ETF;Renda Fixa;
65819277000196;;CLASSE ÚNICA GRÃO TEVA ITBR TESOURO IPCA 2 ANOS FUNDO DE ÍNDICE - RESPONSABILIDADE LIMITADA;GRÃO GESTÃO DE RECURSOS LTDA.;ETF-RF;Renda Fixa;sinais no nome: Renda Fixa + Commodities
34081054000140;;FUNDO DE INVESTIMENTO DE ÍNDICE - CLASSE DE INVESTIMENTO ETF BRADESCO IMA-B - RESP LIMITADA;BANCO BRADESCO S.A.;ETF-RF;Renda Fixa;
34081072000122;;FUNDO DE INVESTIMENTO DE ÍNDICE - CLASSE DE INVESTIMENTO ETF BRADESCO IMA-B5+ - RESP LIMITAD;BANCO BRADESCO S.A.;ETF-RF;Renda Fixa;
66171634000115;;GALAPAGOS TEVA ITBR TESOURO PRÉ FIXADO 3 ANOS FUNDO DE ÍNDICE;GALAPAGOS CAPITAL INVESTIMENTOS E PARTICIPAÇÕES LT;ETF-RF;Renda Fixa;sinais no nome: Renda Fixa + Commodities
65180394000152;;GALAPAGOS TEVA TESOURO SELIC & IPCA+ FUNDO DE ÍNDICE;GALAPAGOS CAPITAL INVESTIMENTOS E PARTICIPAÇÕES LT;ETF-RF;Renda Fixa;sinais no nome: Renda Fixa + Commodities
62794396000143;;GALAPAGOS TEVA TESOURO SELIC FUNDO DE ÍNDICE;GALAPAGOS CAPITAL INVESTIMENTOS E PARTICIPAÇÕES LT;ETF-RF;Renda Fixa;sinais no nome: Renda Fixa + Commodities
61736225000103;;GENIAL TEVA DEBÊNTURES DI QUALITY HIGH BETA  FUNDO DE ÍNDICE;PLURAL GESTÃO DE RECURSOS LTDA;ETF-RF;Renda Fixa;
43216061000101;;INVESTO BLOOMBERG US BOND ETF CLASSE DE ÍNDICE - RESPONSABILIDADE LIMITADA;INVESTO GESTÃO DE RECURSOS LTDA.;;Renda Fixa;
56176507000155;;INVESTO ETF MARKETVECTOR BRAZIL TREASURY 760 DAY TARGET DURATION CLASSE DE ÍNDICE - RESP LIMITADA;INVESTO GESTÃO DE RECURSOS LTDA.;ETF-RF;Renda Fixa;
50642881000112;;INVESTO TEVA TESOURO IPCA+ 0 A 4 ANOS ETF CLASSE DE ÍNDICE - RESPONSABILIDADE LIMITADA;INVESTO GESTÃO DE RECURSOS LTDA.;ETF-RF;Renda Fixa;sinais no nome: Renda Fixa + Commodities
45823821000166;;INVESTO TEVA TESOURO SELIC ETF CLASSE DE ÍNDICE - RESPONSABILIDADE LIMITADA;INVESTO GESTÃO DE RECURSOS LTDA.;ETF-RF;Renda Fixa;sinais no nome: Renda Fixa + Commodities
64731230000103;;INVESTO V8 LETRA FINANCEIRA S1 DI B3 FUNDO DE ÍNDICE;INVESTO GESTÃO DE RECURSOS LTDA.;ETF-RF;Renda Fixa;
64731230000103;;INVESTO V8 LETRA FINANCEIRA S1 DI B3 FUNDO DE ÍNDICE;V8 CAPITAL GESTÃO DE INVESTIMENTOS LTDA.;ETF-RF;Renda Fixa;
31024153000100;;IT NOW ID ETF IMA-B FUNDO DE ÍNDICE RESPONSABILIDADE LIMITADA;ITAU UNIBANCO ASSET MANAGEMENT LTDA.;ETF-RF;Renda Fixa;
38354864000184;;IT NOW IMA-B5 P2 FUNDO DE INDICE RESPONSABILIDADE LIMITADA;ITAU UNIBANCO ASSET MANAGEMENT LTDA.;ETF-RF;Renda Fixa;
32880663000134;;IT NOW IMA-B5+ FUNDO DE ÍNDICE RESPONSABILIDADE LIMITADA;ITAU UNIBANCO ASSET MANAGEMENT LTDA.;ETF-RF;Renda Fixa;
32880642000119;;IT NOW IRF-M P2 FUNDO DE ÍNDICE RESPONSABILIDADE LIMITADA;ITAU UNIBANCO ASSET MANAGEMENT LTDA.;ETF-RF;Renda Fixa;
57055305000118;;IT NOW IRFM P3 FUNDO DE ÍNDICE RESPONSABILIDADE LIMITADA;ITAU UNIBANCO ASSET MANAGEMENT LTDA.;ETF-RF;Renda Fixa;
64758770000180;;IT NOW NTN-B 2035 FUNDO DE ÍNDICE RESPONSABILIDADE LIMITADA;ITAU UNIBANCO ASSET MANAGEMENT LTDA.;;Renda Fixa;
64758102000153;;IT NOW NTN-B 2050 FUNDO DE ÍNDICE RESPONSABILIDADE LIMITADA;ITAU UNIBANCO ASSET MANAGEMENT LTDA.;;Renda Fixa;
64759097000101;;IT NOW NTN-B 2060 FUNDO DE ÍNDICE RESPONSABILIDADE LIMITADA;ITAU UNIBANCO ASSET MANAGEMENT LTDA.;;Renda Fixa;
59834667000132;;IT NOW S&P IMA-B FUNDO DE ÍNDICE - RESPONSABILIDADE LIMITADA;ITAU UNIBANCO ASSET MANAGEMENT LTDA.;;Renda Fixa;sinais no nome: Renda Fixa + Ações Internacionais
62013226000184;;IT NOW S&P TESOURO AMERICANO 10 ANOS BRL FUNDO DE ÍNDICE - RESPONSABILIDADE LIMITADA;ITAU UNIBANCO ASSET MANAGEMENT LTDA.;ETF-RF;Renda Fixa;sinais no nome: Renda Fixa + Ações Internacionais + Commodities
64538158000100;;IT NOW TEVA ITBR PRÉ 5 ANOS FUNDO DE ÍNDICE RESPONSABILIDADE LIMITADA;ITAU UNIBANCO ASSET MANAGEMENT LTDA.;ETF-RF;Renda Fixa;
66198405000194;;IT NOW TEVA ITBR SELIC IPCA TARGET 800 FUNDO DE ÍNDICE - RESPONSABILIDADE LIMITADA;ITAU UNIBANCO ASSET MANAGEMENT LTDA.;ETF-RF;Renda Fixa;
63702230000112;;IT NOW TEVA TESOURO SELIC FUNDO DE ÍNDICE RESPONSABILIDADE LIMITADA;ITAU UNIBANCO ASSET MANAGEMENT LTDA.;ETF-RF;Renda Fixa;sinais no nome: Renda Fixa + Commodities
63001985000190;;NU CDI TESOURO SELIC B3 CLASSE DE ÍNDICE - RESPONSABILIDADE LIMITADA;NU ASSET MANAGEMENT LTDA;ETF-RF;Renda Fixa;sinais no nome: Renda Fixa + Commodities
62344693000197;;NU IBOXX HIGH YIELD HEDGE CARRY BRL CLASSE  DE ÍNDICE - RESPONSABILIDADE LIMITADA;NU ASSET MANAGEMENT LTDA;ETF-RF;Renda Fixa;
62344793000113;;NU IBOXX INVESTMENT GRADE HEDGE CARRY BRL  CLASSE DE ÍNDICE - RESPONSABILIDADE LIMITADA;NU ASSET MANAGEMENT LTDA;ETF-RF;Renda Fixa;
63734820000127;;NU LETRAS FINANCEIRAS ANBIMA CLASSE DE  ÍNDICE - RESPONSABILIDADE LIMITADA;NU ASSET MANAGEMENT LTDA;ETF-RF;Renda Fixa;
66232321000120;;NU TESOURO IPCA B3 PRAZO 10 ANOS CLASSE DE  ÍNDICE - RESPONSABILIDADE LIMITADA;NU ASSET MANAGEMENT LTDA;;Renda Fixa;sinais no nome: Renda Fixa + Commodities
67656259000166;;NU TESOURO IPCA B3 PRAZO 2 ANOS CLASSE DE  ÍNDICE - RESPONSABILIDADE LIMITADA;NU ASSET MANAGEMENT LTDA;ETF-RF;Renda Fixa;sinais no nome: Renda Fixa + Commodities
67656167000186;;NU TESOURO IPCA B3 PRAZO 5 ANOS CLASSE DE ÍNDICE - RESPONSABILIDADE LIMITADA;NU ASSET MANAGEMENT LTDA;ETF-RF;Renda Fixa;sinais no nome: Renda Fixa + Commodities
55019744000140;;ORYX BLOOMBERG U.S. CONVERTIBLES LIQUID BOND INDEX FUNDO DE ÍNDICE RESPONSABILIDADE LIMITADA;ORYX CAPITAL GESTÃO DE RECURSOS LTDA.;;Renda Fixa;
58312917000101;;PHRONESIS TEVA IPCA DYNAMIC SELECTION YIELD FUNDO DE ÍNDICE;PHRONESIS INVESTIMENTOS LTDA.;ETF-RF;Renda Fixa;
65573794000128;;TREND ETF B3 TESOURO SELIC CLASSE DE ÍNDICE - RESPONSABILIDADE LIMITADA;XP ALLOCATION ASSET MANAGEMENT LTDA.;ETF-RF;Renda Fixa;sinais no nome: Renda Fixa + Commodities
64802589000124;;TREND ETF IDEX B30 CLASSE DE ÍNDICE - RESPONSABILIDADE LIMITADA;XP ALLOCATION ASSET MANAGEMENT LTDA.;ETF-RF;Renda Fixa;
63698833000198;;TREND ETF IDEX B35 CLASSE DE ÍNDICE - RESPONSABILIDADE LIMITADA;XP ALLOCATION ASSET MANAGEMENT LTDA.;ETF-RF;Renda Fixa;
64802257000140;;TREND ETF IDEX B45 CLASSE DE ÍNDICE - RESPONSABILIDADE LIMITADA;XP ALLOCATION ASSET MANAGEMENT LTDA.;ETF-RF;Renda Fixa;
63698764000112;;TREND ETF IDEX B50 CLASSE DE ÍNDICE - RESPONSABILIDADE LIMITADA;XP ALLOCATION ASSET MANAGEMENT LTDA.;ETF-RF;Renda Fixa;
64815662000100;;TREND ETF IDEX B60 CLASSE DE ÍNDICE - RESPONSABILIDADE LIMITADA;XP ALLOCATION ASSET MANAGEMENT LTDA.;ETF-RF;Renda Fixa;
65594290000194;;TREND ETF IRF-M P2 CLASSE DE ÍNDICE - RESPONSABILIDADE LIMITADA;XP ALLOCATION ASSET MANAGEMENT LTDA.;ETF-RF;Renda Fixa;
65573738000193;;TREND ETF TEVA ITBR SELIC TARGET 760 CLASSE DE  ÍNDICE - RESPONSABILIDADE LIMITADA;XP ALLOCATION ASSET MANAGEMENT LTDA.;ETF-RF;Renda Fixa;
